node,static_rank,cache_struct_rank,gnn_rank,gnn_reliable,effective_gnn_weight,effective_struct_weight,static_freedom,residual_score,final_score,global_rank,chosen_family,family_reason,family_score,suite,circuit
118,0.3867924528301887,0.025157232704402517,0.06289308176100629,True,0.4826845654451962,0.5173154345548038,0.6132075471698113,0.043371744607994825,0.3332563526370831,66,dist_avg_inv,relative-distance-dominance,0.10000000149011612,iscas85,c432
119,0.11635220125786164,0.0,0.7672955974842768,True,0.4826845654451962,0.5173154345548038,0.8836477987421384,0.37036174203971034,0.09444994551639614,132,dist_avg_inv,relative-distance-dominance,0.03999999910593033,iscas85,c432
122,0.3867924528301887,0.13836477987421383,0.13836477987421383,True,0.4826845654451962,0.5173154345548038,0.6132075471698113,0.13836477987421383,0.3443935448576864,67,dist_avg_inv,relative-distance-dominance,0.10000000149011612,iscas85,c432
123,0.11635220125786164,0.050314465408805034,0.4276729559748428,True,0.4826845654451962,0.5173154345548038,0.8836477987421384,0.23245958444472814,0.07115151208735108,133,dist_avg_inv,relative-distance-dominance,0.03999999910593033,iscas85,c432
126,0.3867924528301887,0.15723270440251572,0.06918238993710692,True,0.4826845654451962,0.5173154345548038,0.6132075471698113,0.11473217662746699,0.34162280651571586,68,dist_avg_inv,relative-distance-dominance,0.10000000149011612,iscas85,c432
127,0.11635220125786164,0.11949685534591195,0.34591194968553457,True,0.4826845654451962,0.5173154345548038,0.8836477987421384,0.2287839267674658,0.07053051335031052,134,dist_avg_inv,relative-distance-dominance,0.03999999910593033,iscas85,c432
130,0.3867924528301887,0.1509433962264151,0.25157232704402516,True,0.4826845654451962,0.5173154345548038,0.6132075471698113,0.19951542796932792,0.35156298123100704,69,dist_avg_inv,relative-distance-dominance,0.10000000149011612,iscas85,c432
131,0.11635220125786164,0.03773584905660377,0.6918238993710691,True,0.4826845654451962,0.5173154345548038,0.8836477987421384,0.35345405538553715,0.09159340854249065,135,dist_avg_inv,relative-distance-dominance,0.03999999910593033,iscas85,c432
134,0.3867924528301887,0.14465408805031446,0.1320754716981132,True,0.4826845654451962,0.5173154345548038,0.6132075471698113,0.13858258408245036,0.34441908070172794,70,dist_avg_inv,relative-distance-dominance,0.10000000149011612,iscas85,c432
135,0.11635220125786164,0.05660377358490566,0.4025157232704403,True,0.4826845654451962,0.5173154345548038,0.8836477987421384,0.22357013270116852,0.06964964798834031,136,dist_avg_inv,relative-distance-dominance,0.03999999910593033,iscas85,c432
138,0.3867924528301887,0.10062893081761007,0.3270440251572327,True,0.4826845654451962,0.5173154345548038,0.6132075471698113,0.20991600223916393,0.35278236741572255,71,dist_avg_inv,relative-distance-dominance,0.10000000149011612,iscas85,c432
139,0.11635220125786164,0.018867924528301886,0.7358490566037735,True,0.4826845654451962,0.5173154345548038,0.8836477987421384,0.3649436506965557,0.09353456433112332,137,dist_avg_inv,relative-distance-dominance,0.03999999910593033,iscas85,c432
142,0.3867924528301887,0.11320754716981132,0.2893081761006289,True,0.4826845654451962,0.5173154345548038,0.6132075471698113,0.19820860271990876,0.35140976616675806,72,dist_avg_inv,relative-distance-dominance,0.10000000149011612,iscas85,c432
143,0.11635220125786164,0.031446540880503145,0.7232704402515723,True,0.4826845654451962,0.5173154345548038,0.8836477987421384,0.3653792591130288,0.09360815994318139,138,dist_avg_inv,relative-distance-dominance,0.03999999910593033,iscas85,c432
146,0.3867924528301887,0.09433962264150944,0.3333333333333333,True,0.4826845654451962,0.5173154345548038,0.6132075471698113,0.2096981980309274,0.3527568315716811,73,dist_avg_inv,relative-distance-dominance,0.10000000149011612,iscas85,c432
147,0.11635220125786164,0.012578616352201259,0.7421383647798742,True,0.4826845654451962,0.5173154345548038,0.8836477987421384,0.36472584648831924,0.09349776652509431,139,dist_avg_inv,relative-distance-dominance,0.03999999910593033,iscas85,c432
150,0.3867924528301887,0.08176100628930817,0.36477987421383645,True,0.4826845654451962,0.5173154345548038,0.6132075471698113,0.2183698455662505,0.35377351458638373,74,dist_avg_inv,relative-distance-dominance,0.10000000149011612,iscas85,c432
151,0.11635220125786164,0.006289308176100629,0.7484276729559748,True,0.4826845654451962,0.5173154345548038,0.8836477987421384,0.3645080422800827,0.09346096871906528,140,dist_avg_inv,relative-distance-dominance,0.03999999910593033,iscas85,c432
154,0.7389937106918238,0.6163522012578616,0.27672955974842767,True,0.4826845654451962,0.5173154345548038,0.26100628930817615,0.4524215941255308,0.7366194012558351,20,dist_avg_inv,relative-distance-dominance,0.20000000298023224,iscas85,c432
157,0.3867924528301887,0.2893081761006289,0.6981132075471698,True,0.4826845654451962,0.5173154345548038,0.6132075471698113,0.48663205505621226,0.38522516558627484,75,dist_avg_inv,relative-distance-dominance,0.10000000149011612,iscas85,c432
158,0.025157232704402517,0.0440251572327044,0.8050314465408805,True,0.4826845654451962,0.5173154345548038,0.9748427672955975,0.41135114728848265,0.008634413433935773,152,dist_avg_inv,relative-distance-dominance,0.0,iscas85,c432
159,0.7389937106918238,0.7484276729559748,0.23270440251572327,True,0.4826845654451962,0.5173154345548038,0.26100628930817615,0.4994960102735466,0.7389685600475102,21,dist_avg_inv,relative-distance-dominance,0.20000000298023224,iscas85,c432
162,0.7389937106918238,0.779874213836478,0.29559748427672955,True,0.4826845654451962,0.5173154345548038,0.26100628930817615,0.54612131107371,0.7412953065958859,22,dist_avg_inv,relative-distance-dominance,0.20000000298023224,iscas85,c432
165,0.7389937106918238,0.7735849056603774,0.2578616352201258,True,0.4826845654451962,0.5173154345548038,0.26100628930817615,0.5246532429779491,0.7402239836771085,23,dist_avg_inv,relative-distance-dominance,0.20000000298023224,iscas85,c432
168,0.7389937106918238,0.7610062893081762,0.24528301886792453,True,0.4826845654451962,0.5173154345548038,0.26100628930817615,0.5120746266257479,0.7395962718623094,24,dist_avg_inv,relative-distance-dominance,0.20000000298023224,iscas85,c432
171,0.7389937106918238,0.7232704402515723,0.22012578616352202,True,0.4826845654451962,0.5173154345548038,0.26100628930817615,0.48041028153700815,0.738016123222463,25,dist_avg_inv,relative-distance-dominance,0.20000000298023224,iscas85,c432
174,0.7389937106918238,0.7421383647798742,0.22641509433962265,True,0.4826845654451962,0.5173154345548038,0.26100628930817615,0.49320670209744594,0.7386547041401106,26,dist_avg_inv,relative-distance-dominance,0.20000000298023224,iscas85,c432
177,0.7389937106918238,0.710691823899371,0.2138364779874214,True,0.4826845654451962,0.5173154345548038,0.26100628930817615,0.470867417168739,0.7375399048099395,27,dist_avg_inv,relative-distance-dominance,0.20000000298023224,iscas85,c432
180,0.7389937106918238,0.6981132075471698,0.20125786163522014,True,0.4826845654451962,0.5173154345548038,0.26100628930817615,0.4582888008165377,0.7369121929951403,28,dist_avg_inv,relative-distance-dominance,0.20000000298023224,iscas85,c432
183,0.3867924528301887,0.32075471698113206,0.2830188679245283,True,0.4826845654451962,0.5173154345548038,0.6132075471698113,0.30254020507753976,0.3636418325165076,76,dist_avg_inv,relative-distance-dominance,0.10000000149011612,iscas85,c432
184,0.025157232704402517,0.12578616352201258,0.7169811320754716,True,0.4826845654451962,0.5173154345548038,0.9748427672955975,0.41114685001162543,0.008596335479402674,153,dist_avg_inv,relative-distance-dominance,0.0,iscas85,c432
185,0.3867924528301887,0.33962264150943394,0.2389937106918239,True,0.4826845654451962,0.5173154345548038,0.6132075471698113,0.2910506097665211,0.36229476711158454,77,dist_avg_inv,relative-distance-dominance,0.10000000149011612,iscas85,c432
186,0.025157232704402517,0.16352201257861634,0.6729559748427673,True,0.4826845654451962,0.5173154345548038,0.9748427672955975,0.4094179232771125,0.008274089414253952,154,dist_avg_inv,relative-distance-dominance,0.0,iscas85,c432
187,0.3867924528301887,0.3333333333333333,0.5911949685534591,True,0.4826845654451962,0.5173154345548038,0.6132075471698113,0.4577991646745474,0.3818447341519465,78,dist_avg_inv,relative-distance-dominance,0.10000000149011612,iscas85,c432
188,0.025157232704402517,0.1069182389937107,0.7735849056603774,True,0.4826845654451962,0.5173154345548038,0.9748427672955975,0.42870794929050815,0.011869461534625782,155,dist_avg_inv,relative-distance-dominance,0.0,iscas85,c432
189,0.3867924528301887,0.3270440251572327,0.27044025157232704,True,0.4826845654451962,0.5173154345548038,0.6132075471698113,0.2997222573018442,0.3633114501262872,79,dist_avg_inv,relative-distance-dominance,0.10000000149011612,iscas85,c432
190,0.025157232704402517,0.1320754716981132,0.710691823899371,True,0.4826845654451962,0.5173154345548038,0.9748427672955975,0.4113646542198619,0.008636930923776324,156,dist_avg_inv,relative-distance-dominance,0.0,iscas85,c432
191,0.3867924528301887,0.3081761006289308,0.6540880503144654,True,0.4826845654451962,0.5173154345548038,0.6132075471698113,0.47514245974519365,0.38387810018135177,80,dist_avg_inv,relative-distance-dominance,0.10000000149011612,iscas85,c432
192,0.025157232704402517,0.07547169811320754,0.7861635220125787,True,0.4826845654451962,0.5173154345548038,0.9748427672955975,0.4185116722975294,0.009969028118585438,157,dist_avg_inv,relative-distance-dominance,0.0,iscas85,c432
193,0.3867924528301887,0.31446540880503143,0.6415094339622641,True,0.4826845654451962,0.5173154345548038,0.6132075471698113,0.4723245119694981,0.3835477177911314,81,dist_avg_inv,relative-distance-dominance,0.10000000149011612,iscas85,c432
194,0.025157232704402517,0.0880503144654088,0.779874213836478,True,0.4826845654451962,0.5173154345548038,0.9748427672955975,0.4219830326979345,0.010616037738723447,158,dist_avg_inv,relative-distance-dominance,0.0,iscas85,c432
195,0.3867924528301887,0.3018867924528302,0.660377358490566,True,0.4826845654451962,0.5173154345548038,0.6132075471698113,0.47492465553695706,0.3838525643373103,82,dist_avg_inv,relative-distance-dominance,0.10000000149011612,iscas85,c432
196,0.025157232704402517,0.06918238993710692,0.7924528301886793,True,0.4826845654451962,0.5173154345548038,0.9748427672955975,0.4182938680892929,0.009928432674211788,159,dist_avg_inv,relative-distance-dominance,0.0,iscas85,c432
197,0.3867924528301887,0.29559748427672955,0.6666666666666666,True,0.4826845654451962,0.5173154345548038,0.6132075471698113,0.4747068513287206,0.3838270284932688,83,dist_avg_inv,relative-distance-dominance,0.10000000149011612,iscas85,c432
198,0.025157232704402517,0.06289308176100629,0.7987421383647799,True,0.4826845654451962,0.5173154345548038,0.9748427672955975,0.41807606388105634,0.009887837229838117,160,dist_avg_inv,relative-distance-dominance,0.0,iscas85,c432
199,0.9213836477987422,0.9559748427672956,0.8427672955974843,True,0.4826845654451962,0.5173154345548038,0.07861635220125784,0.9013313070565188,0.9274160791377508,8,dist_avg_inv,relative-distance-dominance,0.4000000059604645,iscas85,c432
203,0.11635220125786164,0.4968553459119497,0.8364779874213837,True,0.4826845654451962,0.5173154345548038,0.8836477987421384,0.6607859530442806,0.143516829343884,141,dist_avg_inv,relative-distance-dominance,0.03999999910593033,iscas85,c432
213,0.3867924528301887,0.6226415094339622,0.8679245283018868,True,0.4826845654451962,0.5173154345548038,0.6132075471698113,0.7410358368073122,0.41505202406142455,84,dist_avg_inv,relative-distance-dominance,0.10000000149011612,iscas85,c432
223,0.9811320754716981,0.4779874213836478,0.8238993710691824,True,0.4826845654451962,0.5173154345548038,0.018867924528301883,0.6449537804999107,0.9816549893114035,1,dist_avg_inv,relative-distance-dominance,1.0,iscas85,c432
224,0.3867924528301887,0.46540880503144655,0.48427672955974843,True,0.4826845654451962,0.5173154345548038,0.6132075471698113,0.4745160609832427,0.3838046598138654,85,dist_avg_inv,relative-distance-dominance,0.10000000149011612,iscas85,c432
227,0.3867924528301887,0.5220125786163522,0.4528301886792453,True,0.4826845654451962,0.5173154345548038,0.6132075471698113,0.4886193067930996,0.3854581553472864,86,dist_avg_inv,relative-distance-dominance,0.10000000149011612,iscas85,c432
230,0.3867924528301887,0.5408805031446541,0.44025157232704404,True,0.4826845654451962,0.5173154345548038,0.6132075471698113,0.4923084714017413,0.3858906811136728,87,dist_avg_inv,relative-distance-dominance,0.10000000149011612,iscas85,c432
233,0.3867924528301887,0.5345911949685535,0.4779874213836478,True,0.4826845654451962,0.5173154345548038,0.6132075471698113,0.507269427113165,0.3876447364409407,88,dist_avg_inv,relative-distance-dominance,0.10000000149011612,iscas85,c432
236,0.3867924528301887,0.5283018867924528,0.44654088050314467,True,0.4826845654451962,0.5173154345548038,0.6132075471698113,0.4888371110013362,0.3854836911913279,89,dist_avg_inv,relative-distance-dominance,0.10000000149011612,iscas85,c432
239,0.3867924528301887,0.5094339622641509,0.5157232704402516,True,0.4826845654451962,0.5173154345548038,0.6132075471698113,0.512469714248083,0.3882544295332985,90,dist_avg_inv,relative-distance-dominance,0.10000000149011612,iscas85,c432
242,0.3867924528301887,0.1761006289308176,0.0,True,0.4826845654451962,0.5173154345548038,0.6132075471698113,0.09109957338072015,0.3388520681737453,91,dist_avg_inv,relative-distance-dominance,0.10000000149011612,iscas85,c432
243,0.3867924528301887,0.5157232704402516,0.5031446540880503,True,0.4826845654451962,0.5173154345548038,0.6132075471698113,0.5096517664723875,0.3879240471430781,92,dist_avg_inv,relative-distance-dominance,0.10000000149011612,iscas85,c432
246,0.7389937106918238,0.6289308176100629,0.3522012578616352,True,0.4826845654451962,0.5173154345548038,0.26100628930817615,0.49535773031705255,0.73876204709339,29,dist_avg_inv,relative-distance-dominance,0.20000000298023224,iscas85,c432
247,0.3867924528301887,0.5031446540880503,0.5220125786163522,True,0.4826845654451962,0.5173154345548038,0.6132075471698113,0.5122519100398465,0.388228893689257,93,dist_avg_inv,relative-distance-dominance,0.10000000149011612,iscas85,c432
250,0.7389937106918238,0.660377358490566,0.7044025157232704,True,0.4826845654451962,0.5173154345548038,0.26100628930817615,0.6816276223780904,0.7480574901464419,30,dist_avg_inv,relative-distance-dominance,0.20000000298023224,iscas85,c432
251,0.3867924528301887,0.49056603773584906,0.5283018867924528,True,0.4826845654451962,0.5173154345548038,0.6132075471698113,0.5087805496394413,0.3878219037669121,94,dist_avg_inv,relative-distance-dominance,0.10000000149011612,iscas85,c432
254,0.3867924528301887,0.4591194968553459,0.2641509433962264,True,0.4826845654451962,0.5173154345548038,0.6132075471698113,0.36501118535345234,0.3709660675363962,95,dist_avg_inv,relative-distance-dominance,0.10000000149011612,iscas85,c432
255,0.7389937106918238,0.6415094339622641,0.33962264150943394,True,0.4826845654451962,0.5173154345548038,0.26100628930817615,0.4957933387335256,0.7387837852990868,31,dist_avg_inv,relative-distance-dominance,0.20000000298023224,iscas85,c432
256,0.3867924528301887,0.3836477987421384,0.018867924528301886,True,0.4826845654451962,0.5173154345548038,0.6132075471698113,0.20757418367407937,0.3525078074605424,96,dist_avg_inv,relative-distance-dominance,0.10000000149011612,iscas85,c432
257,0.3867924528301887,0.4339622641509434,0.050314465408805034,True,0.4826845654451962,0.5173154345548038,0.6132075471698113,0.24878139313108827,0.3573390312582788,97,dist_avg_inv,relative-distance-dominance,0.10000000149011612,iscas85,c432
258,0.3867924528301887,0.36477987421383645,0.012578616352201259,True,0.4826845654451962,0.5173154345548038,0.6132075471698113,0.19477776311364156,0.3510075269913704,98,dist_avg_inv,relative-distance-dominance,0.10000000149011612,iscas85,c432
259,0.3867924528301887,0.3522012578616352,0.03773584905660377,True,0.4826845654451962,0.5173154345548038,0.6132075471698113,0.2004136586650326,0.35166829177181114,99,dist_avg_inv,relative-distance-dominance,0.10000000149011612,iscas85,c432
260,0.7389937106918238,0.7861635220125787,0.1949685534591195,True,0.4826845654451962,0.5173154345548038,0.26100628930817615,0.5008028355229658,0.7390337746646007,32,dist_avg_inv,relative-distance-dominance,0.20000000298023224,iscas85,c432
263,0.11635220125786164,0.16981132075471697,0.6477987421383647,True,0.4826845654451962,0.5173154345548038,0.8836477987421384,0.40052847153355287,0.0995465846926194,142,dist_avg_inv,relative-distance-dominance,0.03999999910593033,iscas85,c432
264,0.7389937106918238,0.8364779874213837,0.15723270440251572,True,0.4826845654451962,0.5173154345548038,0.26100628930817615,0.508616773156722,0.7394237142919393,33,dist_avg_inv,relative-distance-dominance,0.20000000298023224,iscas85,c432
267,0.7389937106918238,0.8553459119496856,0.14465408805031446,True,0.4826845654451962,0.5173154345548038,0.26100628930817615,0.5123059377653637,0.7396078150027602,34,dist_avg_inv,relative-distance-dominance,0.20000000298023224,iscas85,c432
270,0.7389937106918238,0.8490566037735849,0.16352201257861634,True,0.4826845654451962,0.5173154345548038,0.26100628930817615,0.5181596375249913,0.739899932704463,35,dist_avg_inv,relative-distance-dominance,0.20000000298023224,iscas85,c432
273,0.7389937106918238,0.8427672955974843,0.1509433962264151,True,0.4826845654451962,0.5173154345548038,0.26100628930817615,0.5088345773649586,0.7394345833947878,36,dist_avg_inv,relative-distance-dominance,0.20000000298023224,iscas85,c432
276,0.7389937106918238,0.8176100628930818,0.1761006289308176,True,0.4826845654451962,0.5173154345548038,0.26100628930817615,0.5079633605320125,0.739391106983394,37,dist_avg_inv,relative-distance-dominance,0.20000000298023224,iscas85,c432
279,0.7389937106918238,0.8301886792452831,0.16981132075471697,True,0.4826845654451962,0.5173154345548038,0.26100628930817615,0.5114347209324176,0.7395643385913665,38,dist_avg_inv,relative-distance-dominance,0.20000000298023224,iscas85,c432
282,0.7389937106918238,0.8113207547169812,0.18238993710691823,True,0.4826845654451962,0.5173154345548038,0.26100628930817615,0.5077455563237759,0.7393802378805456,39,dist_avg_inv,relative-distance-dominance,0.20000000298023224,iscas85,c432
285,0.7389937106918238,0.8050314465408805,0.18867924528301888,True,0.4826845654451962,0.5173154345548038,0.26100628930817615,0.5075277521155395,0.7393693687776972,40,dist_avg_inv,relative-distance-dominance,0.20000000298023224,iscas85,c432
288,0.11635220125786164,0.20754716981132076,0.5094339622641509,True,0.4826845654451962,0.5173154345548038,0.8836477987421384,0.3532632650400592,0.09156117470191452,143,dist_avg_inv,relative-distance-dominance,0.03999999910593033,iscas85,c432
289,0.11635220125786164,0.23270440251572327,0.4591194968553459,True,0.4826845654451962,0.5173154345548038,0.8836477987421384,0.34199147393727714,0.08965681671931088,144,dist_avg_inv,relative-distance-dominance,0.03999999910593033,iscas85,c432
290,0.11635220125786164,0.22641509433962265,0.6037735849056604,True,0.4826845654451962,0.5173154345548038,0.8836477987421384,0.40856021337554577,0.10090353955024053,145,dist_avg_inv,relative-distance-dominance,0.03999999910593033,iscas85,c432
291,0.11635220125786164,0.2138364779874214,0.4968553459119497,True,0.4826845654451962,0.5173154345548038,0.8836477987421384,0.3504453172643637,0.0910850852062636,146,dist_avg_inv,relative-distance-dominance,0.03999999910593033,iscas85,c432
292,0.11635220125786164,0.1949685534591195,0.6226415094339622,True,0.4826845654451962,0.5173154345548038,0.8836477987421384,0.401399688366499,0.0996937759167355,147,dist_avg_inv,relative-distance-dominance,0.03999999910593033,iscas85,c432
293,0.11635220125786164,0.20125786163522014,0.610062893081761,True,0.4826845654451962,0.5173154345548038,0.8836477987421384,0.3985817405908035,0.09921768642108461,148,dist_avg_inv,relative-distance-dominance,0.03999999910593033,iscas85,c432
294,0.11635220125786164,0.18867924528301888,0.6289308176100629,True,0.4826845654451962,0.5173154345548038,0.8836477987421384,0.4011818841582625,0.09965697811070649,149,dist_avg_inv,relative-distance-dominance,0.03999999910593033,iscas85,c432
295,0.11635220125786164,0.18238993710691823,0.6352201257861635,True,0.4826845654451962,0.5173154345548038,0.8836477987421384,0.4009640799500259,0.09962018030467745,150,dist_avg_inv,relative-distance-dominance,0.03999999910593033,iscas85,c432
296,0.9213836477987422,0.9748427672955975,0.8490566037735849,True,0.4826845654451962,0.5173154345548038,0.07861635220125784,0.9141277276169565,0.9276084227876447,9,dist_avg_inv,relative-distance-dominance,0.4000000059604645,iscas85,c432
300,0.3867924528301887,0.22012578616352202,0.39622641509433965,True,0.4826845654451962,0.5173154345548038,0.6132075471698113,0.3051268417136195,0.3639450954803674,100,dist_avg_inv,relative-distance-dominance,0.10000000149011612,iscas85,c432
301,0.3867924528301887,0.2641509433962264,0.37735849056603776,True,0.4826845654451962,0.5173154345548038,0.6132075471698113,0.31879447910700337,0.3655475193257054,101,dist_avg_inv,relative-distance-dominance,0.10000000149011612,iscas85,c432
302,0.3867924528301887,0.2830188679245283,0.3584905660377358,True,0.4826845654451962,0.5173154345548038,0.6132075471698113,0.31944789173171295,0.3656241268578299,102,dist_avg_inv,relative-distance-dominance,0.10000000149011612,iscas85,c432
303,0.3867924528301887,0.27672955974842767,0.3836477987421384,True,0.4826845654451962,0.5173154345548038,0.6132075471698113,0.32833734347527255,0.366666345716574,103,dist_avg_inv,relative-distance-dominance,0.10000000149011612,iscas85,c432
304,0.3867924528301887,0.27044025157232704,0.3710691823899371,True,0.4826845654451962,0.5173154345548038,0.6132075471698113,0.3190122833152399,0.3655730551697469,104,dist_avg_inv,relative-distance-dominance,0.10000000149011612,iscas85,c432
305,0.3867924528301887,0.25157232704402516,0.4088050314465409,True,0.4826845654451962,0.5173154345548038,0.6132075471698113,0.32746612664232644,0.36656420234040804,105,dist_avg_inv,relative-distance-dominance,0.10000000149011612,iscas85,c432
306,0.3867924528301887,0.2578616352201258,0.389937106918239,True,0.4826845654451962,0.5173154345548038,0.6132075471698113,0.32161242688269887,0.3658779017159258,106,dist_avg_inv,relative-distance-dominance,0.10000000149011612,iscas85,c432
307,0.3867924528301887,0.24528301886792453,0.41509433962264153,True,0.4826845654451962,0.5173154345548038,0.6132075471698113,0.32724832243408997,0.36653866649636657,107,dist_avg_inv,relative-distance-dominance,0.10000000149011612,iscas85,c432
308,0.3867924528301887,0.2389937106918239,0.42138364779874216,True,0.4826845654451962,0.5173154345548038,0.6132075471698113,0.3270305182258534,0.36651313065232505,108,dist_avg_inv,relative-distance-dominance,0.10000000149011612,iscas85,c432
309,0.11635220125786164,0.5660377358490566,0.6855345911949685,True,0.4826845654451962,0.5173154345548038,0.8836477987421384,0.6237170235437656,0.13725407028836406,151,dist_avg_inv,relative-distance-dominance,0.03999999910593033,iscas85,c432
319,0.3867924528301887,0.7358490566037735,0.8553459119496856,True,0.4826845654451962,0.5173154345548038,0.6132075471698113,0.7935283442984826,0.4212063610023616,109,dist_avg_inv,relative-distance-dominance,0.10000000149011612,iscas85,c432
329,0.9811320754716981,0.5534591194968553,0.8113207547169812,True,0.4826845654451962,0.5173154345548038,0.018867924528301883,0.6779249508380696,0.9817739312335917,2,dist_avg_inv,relative-distance-dominance,1.0,iscas85,c432
330,0.3867924528301887,0.3584905660377358,0.07547169811320754,True,0.4826845654451962,0.5173154345548038,0.6132075471698113,0.2218817267607935,0.3541852552556858,110,dist_avg_inv,relative-distance-dominance,0.10000000149011612,iscas85,c432
331,0.3867924528301887,0.4088050314465409,0.10062893081761007,True,0.4826845654451962,0.5173154345548038,0.6132075471698113,0.26005318423387036,0.3586605608191603,111,dist_avg_inv,relative-distance-dominance,0.10000000149011612,iscas85,c432
332,0.3867924528301887,0.4276729559748428,0.08176100628930817,True,0.4826845654451962,0.5173154345548038,0.6132075471698113,0.26070659685857994,0.35873716835128483,112,dist_avg_inv,relative-distance-dominance,0.10000000149011612,iscas85,c432
333,0.3867924528301887,0.42138364779874216,0.0880503144654088,True,0.4826845654451962,0.5173154345548038,0.6132075471698113,0.2604887926503434,0.3587116325072433,113,dist_avg_inv,relative-distance-dominance,0.10000000149011612,iscas85,c432
334,0.3867924528301887,0.34591194968553457,0.006289308176100629,True,0.4826845654451962,0.5173154345548038,0.6132075471698113,0.18198134255320378,0.34950724652219833,114,dist_avg_inv,relative-distance-dominance,0.10000000149011612,iscas85,c432
335,0.3867924528301887,0.41509433962264153,0.09433962264150944,True,0.4826845654451962,0.5173154345548038,0.6132075471698113,0.2602709884421069,0.35868609666320184,115,dist_avg_inv,relative-distance-dominance,0.10000000149011612,iscas85,c432
336,0.7389937106918238,0.7547169811320755,0.49056603773584906,True,0.4826845654451962,0.5173154345548038,0.26100628930817615,0.6272153978069293,0.7453421520459326,41,dist_avg_inv,relative-distance-dominance,0.20000000298023224,iscas85,c432
337,0.3867924528301887,0.39622641509433965,0.11320754716981132,True,0.4826845654451962,0.5173154345548038,0.6132075471698113,0.2596175758173973,0.3586094891310773,116,dist_avg_inv,relative-distance-dominance,0.10000000149011612,iscas85,c432
338,0.7389937106918238,0.7924528301886793,0.7295597484276729,True,0.4826845654451962,0.5173154345548038,0.26100628930817615,0.7620953103493587,0.7520730763631482,42,dist_avg_inv,relative-distance-dominance,0.20000000298023224,iscas85,c432
339,0.3867924528301887,0.4025157232704403,0.1069182389937107,True,0.4826845654451962,0.5173154345548038,0.6132075471698113,0.25983538002563383,0.35863502497511884,117,dist_avg_inv,relative-distance-dominance,0.10000000149011612,iscas85,c432
340,0.3867924528301887,0.5471698113207547,0.31446540880503143,True,0.4826845654451962,0.5173154345548038,0.6132075471698113,0.43484698791526877,0.37915377050673854,118,dist_avg_inv,relative-distance-dominance,0.10000000149011612,iscas85,c432
341,0.3867924528301887,0.389937106918239,0.11949685534591195,True,0.4826845654451962,0.5173154345548038,0.6132075471698113,0.2593997716091608,0.35858395328703585,119,dist_avg_inv,relative-distance-dominance,0.10000000149011612,iscas85,c432
342,0.7389937106918238,0.7672955974842768,0.4716981132075472,True,0.4826845654451962,0.5173154345548038,0.26100628930817615,0.6246152542394703,0.7452123968493538,43,dist_avg_inv,relative-distance-dominance,0.20000000298023224,iscas85,c432
343,0.3867924528301887,0.37735849056603776,0.12578616352201258,True,0.4826845654451962,0.5173154345548038,0.6132075471698113,0.2559284112087557,0.35817696336469096,120,dist_avg_inv,relative-distance-dominance,0.10000000149011612,iscas85,c432
344,0.3867924528301887,0.4528301886792453,0.031446540880503145,True,0.4826845654451962,0.5173154345548038,0.6132075471698113,0.24943480575579782,0.3574156387904033,121,dist_avg_inv,relative-distance-dominance,0.10000000149011612,iscas85,c432
345,0.3867924528301887,0.4716981132075472,0.05660377358490566,True,0.4826845654451962,0.5173154345548038,0.6132075471698113,0.27133848226803176,0.3599836739623609,122,dist_avg_inv,relative-distance-dominance,0.10000000149011612,iscas85,c432
346,0.3867924528301887,0.44654088050314467,0.025157232704402517,True,0.4826845654451962,0.5173154345548038,0.6132075471698113,0.2431454975796972,0.356678266477838,123,dist_avg_inv,relative-distance-dominance,0.10000000149011612,iscas85,c432
347,0.3867924528301887,0.3710691823899371,0.0440251572327044,True,0.4826845654451962,0.5173154345548038,0.6132075471698113,0.2132100792254704,0.35316857224098314,124,dist_avg_inv,relative-distance-dominance,0.10000000149011612,iscas85,c432
348,0.7389937106918238,0.6477987421383647,0.5345911949685535,True,0.4826845654451962,0.5173154345548038,0.26100628930817615,0.5931552064275878,0.7436424432747535,44,dist_avg_inv,relative-distance-dominance,0.20000000298023224,iscas85,c432
349,0.7389937106918238,0.6918238993710691,0.559748427672956,True,0.4826845654451962,0.5173154345548038,0.26100628930817615,0.628073107708496,0.7453849544197237,45,dist_avg_inv,relative-distance-dominance,0.20000000298023224,iscas85,c432
350,0.7389937106918238,0.7295597484276729,0.5408805031446541,True,0.4826845654451962,0.5173154345548038,0.26100628930817615,0.6384871889097113,0.7459046492436411,46,dist_avg_inv,relative-distance-dominance,0.20000000298023224,iscas85,c432
351,0.7389937106918238,0.7169811320754716,0.5471698113207547,True,0.4826845654451962,0.5173154345548038,0.26100628930817615,0.6350158285093063,0.7457314176356686,47,dist_avg_inv,relative-distance-dominance,0.20000000298023224,iscas85,c432
352,0.7389937106918238,0.7044025157232704,0.5534591194968553,True,0.4826845654451962,0.5173154345548038,0.26100628930817615,0.6315444681089011,0.7455581860276962,48,dist_avg_inv,relative-distance-dominance,0.20000000298023224,iscas85,c432
353,0.7389937106918238,0.6792452830188679,0.5723270440251572,True,0.4826845654451962,0.5173154345548038,0.26100628930817615,0.6276374992920231,0.7453632162140269,49,dist_avg_inv,relative-distance-dominance,0.20000000298023224,iscas85,c432
354,0.7389937106918238,0.6855345911949685,0.5660377358490566,True,0.4826845654451962,0.5173154345548038,0.26100628930817615,0.6278553035002595,0.7453740853168753,50,dist_avg_inv,relative-distance-dominance,0.20000000298023224,iscas85,c432
355,0.7389937106918238,0.6666666666666666,0.5786163522012578,True,0.4826845654451962,0.5173154345548038,0.26100628930817615,0.6241661388916179,0.7451899846060545,51,dist_avg_inv,relative-distance-dominance,0.20000000298023224,iscas85,c432
356,0.7389937106918238,0.6540880503144654,0.5849056603773585,True,0.4826845654451962,0.5173154345548038,0.26100628930817615,0.6206947784912128,0.7450167529980821,52,dist_avg_inv,relative-distance-dominance,0.20000000298023224,iscas85,c432
357,0.9213836477987422,0.9622641509433962,0.9245283018867925,True,0.4826845654451962,0.5173154345548038,0.07861635220125784,0.9440496390398039,0.9280581805638671,10,dist_avg_inv,relative-distance-dominance,0.4000000059604645,iscas85,c432
360,0.3867924528301887,0.8238993710691824,0.8867924528301887,True,0.4826845654451962,0.5173154345548038,0.6132075471698113,0.8542568909085029,0.4283263092699182,125,dist_avg_inv,relative-distance-dominance,0.10000000149011612,iscas85,c432
370,0.9811320754716981,0.559748427672956,0.9056603773584906,True,0.4826845654451962,0.5173154345548038,0.018867924528301883,0.7267147867892187,0.9819499382364296,3,dist_avg_inv,relative-distance-dominance,1.0,iscas85,c432
371,0.3867924528301887,0.44025157232704404,0.20754716981132076,True,0.4826845654451962,0.5173154345548038,0.6132075471698113,0.3279287489215581,0.3666184411931292,126,dist_avg_inv,relative-distance-dominance,0.10000000149011612,iscas85,c432
372,0.7389937106918238,0.8616352201257862,0.6163522012578616,True,0.4826845654451962,0.5173154345548038,0.26100628930817615,0.7432408927524361,0.751132182678552,53,dist_avg_inv,relative-distance-dominance,0.20000000298023224,iscas85,c432
373,0.7389937106918238,0.8742138364779874,0.7547169811320755,True,0.4826845654451962,0.5173154345548038,0.26100628930817615,0.8165345487832785,0.7547897625388625,54,dist_avg_inv,relative-distance-dominance,0.20000000298023224,iscas85,c432
374,0.3867924528301887,0.6352201257861635,0.6792452830188679,True,0.4826845654451962,0.5173154345548038,0.6132075471698113,0.6564703896736879,0.4051373851901749,127,dist_avg_inv,relative-distance-dominance,0.10000000149011612,iscas85,c432
375,0.7389937106918238,0.8679245283018868,0.5974842767295597,True,0.4826845654451962,0.5173154345548038,0.26100628930817615,0.7373871929928086,0.7508400649768493,55,dist_avg_inv,relative-distance-dominance,0.20000000298023224,iscas85,c432
376,0.3867924528301887,0.5786163522012578,0.32075471698113206,True,0.4826845654451962,0.5173154345548038,0.6132075471698113,0.45415052086004376,0.38141695913251733,128,dist_avg_inv,relative-distance-dominance,0.10000000149011612,iscas85,c432
377,0.3867924528301887,0.5974842767295597,0.4339622641509434,True,0.4826845654451962,0.5173154345548038,0.6132075471698113,0.5185547251473264,0.38896784958414127,129,dist_avg_inv,relative-distance-dominance,0.10000000149011612,iscas85,c432
378,0.3867924528301887,0.5723270440251572,0.3081761006289308,True,0.4826845654451962,0.5173154345548038,0.6132075471698113,0.44482546070001105,0.38032366858569017,130,dist_avg_inv,relative-distance-dominance,0.10000000149011612,iscas85,c432
379,0.3867924528301887,0.48427672955974843,0.46540880503144655,True,0.4826845654451962,0.5173154345548038,0.6132075471698113,0.47516947360795225,0.38388126734598993,131,dist_avg_inv,relative-distance-dominance,0.10000000149011612,iscas85,c432
380,0.7389937106918238,0.7987421383647799,0.3018867924528302,True,0.4826845654451962,0.5173154345548038,0.26100628930817615,0.5589177316341478,0.7419338875135335,56,dist_avg_inv,relative-distance-dominance,0.20000000298023224,iscas85,c432
381,0.9213836477987422,0.9874213836477987,0.9622641509433962,True,0.4826845654451962,0.5173154345548038,0.07861635220125784,0.9752783757120707,0.9285275812970447,11,dist_avg_inv,relative-distance-dominance,0.4000000059604645,iscas85,c432
386,0.9213836477987422,1.0,1.0,True,0.4826845654451962,0.5173154345548038,0.07861635220125784,1.0,0.9288991732921957,12,dist_avg_inv,relative-distance-dominance,0.4000000059604645,iscas85,c432
393,0.7389937106918238,0.9685534591194969,0.949685534591195,True,0.4826845654451962,0.5173154345548038,0.26100628930817615,0.9594462031677007,0.7619214955862652,57,dist_avg_inv,relative-distance-dominance,0.20000000298023224,iscas85,c432
399,0.9213836477987422,0.9937106918238994,0.9559748427672956,True,0.4826845654451962,0.5173154345548038,0.07861635220125784,0.975496179920307,0.9285308551232039,13,dist_avg_inv,relative-distance-dominance,0.4000000059604645,iscas85,c432
404,0.7389937106918238,0.9371069182389937,0.8301886792452831,True,0.4826845654451962,0.5173154345548038,0.26100628930817615,0.8854991345121488,0.7582313084174094,58,dist_avg_inv,relative-distance-dominance,0.20000000298023224,iscas85,c432
407,0.7389937106918238,0.949685534591195,0.89937106918239,True,0.4826845654451962,0.5173154345548038,0.26100628930817615,0.9253995187197386,0.7602224608526886,59,dist_avg_inv,relative-distance-dominance,0.20000000298023224,iscas85,c432
411,0.7389937106918238,0.9308176100628931,0.8176100628930818,True,0.4826845654451962,0.5173154345548038,0.26100628930817615,0.8761740743521162,0.7577659591077343,60,dist_avg_inv,relative-distance-dominance,0.20000000298023224,iscas85,c432
414,0.7389937106918238,0.8805031446540881,0.7610062893081762,True,0.4826845654451962,0.5173154345548038,0.26100628930817615,0.8228238569593791,0.7551036184462621,61,dist_avg_inv,relative-distance-dominance,0.20000000298023224,iscas85,c432
415,0.9213836477987422,0.5911949685534591,0.8616352201257862,True,0.4826845654451962,0.5173154345548038,0.07861635220125784,0.7217323038625374,0.9247165173635443,14,dist_avg_inv,relative-distance-dominance,0.4000000059604645,iscas85,c432
416,0.9213836477987422,0.9245283018867925,0.9433962264150944,True,0.4826845654451962,0.5173154345548038,0.07861635220125784,0.9336355578385886,0.9279016459783499,15,dist_avg_inv,relative-distance-dominance,0.4000000059604645,iscas85,c432
417,0.7389937106918238,0.6037735849056604,0.9182389937106918,True,0.4826845654451962,0.5173154345548038,0.26100628930817615,0.7555611841022629,0.7517470032776953,62,dist_avg_inv,relative-distance-dominance,0.20000000298023224,iscas85,c432
418,0.7389937106918238,0.6729559748427673,0.8930817610062893,True,0.4826845654451962,0.5173154345548038,0.26100628930817615,0.7792072942803892,0.752927017224957,63,dist_avg_inv,relative-distance-dominance,0.20000000298023224,iscas85,c432
419,0.7389937106918238,0.5849056603773585,0.8805031446540881,True,0.4826845654451962,0.5173154345548038,0.26100628930817615,0.7275860036221649,0.7503509553486698,64,dist_avg_inv,relative-distance-dominance,0.20000000298023224,iscas85,c432
420,0.7389937106918238,0.610062893081761,0.8742138364779874,True,0.4826845654451962,0.5173154345548038,0.26100628930817615,0.7375644764069071,0.7508489119668903,65,dist_avg_inv,relative-distance-dominance,0.20000000298023224,iscas85,c432
421,0.9811320754716981,0.8867924528301887,0.9119496855345912,True,0.4826845654451962,0.5173154345548038,0.018867924528301883,0.8989354607659169,0.982571216092,4,dist_avg_inv,relative-distance-dominance,1.0,iscas85,c432
422,0.9213836477987422,0.9433962264150944,0.9748427672955975,True,0.4826845654451962,0.5173154345548038,0.07861635220125784,0.9585749863347546,0.9282765117996601,16,dist_avg_inv,relative-distance-dominance,0.4000000059604645,iscas85,c432
425,0.9213836477987422,0.9811320754716981,0.9937106918238994,True,0.4826845654451962,0.5173154345548038,0.07861635220125784,0.9872035794395622,0.9287068296423019,17,dist_avg_inv,relative-distance-dominance,0.4000000059604645,iscas85,c432
428,0.9213836477987422,0.8930817610062893,0.9308176100628931,True,0.4826845654451962,0.5173154345548038,0.07861635220125784,0.9112962729098817,0.9275658630475755,18,dist_avg_inv,relative-distance-dominance,0.4000000059604645,iscas85,c432
429,0.9213836477987422,0.9056603773584906,0.9371069182389937,True,0.4826845654451962,0.5173154345548038,0.07861635220125784,0.9208391372781508,0.927709302328456,19,dist_avg_inv,relative-distance-dominance,0.4000000059604645,iscas85,c432
430,0.9811320754716981,0.89937106918239,0.9685534591194969,True,0.4826845654451962,0.5173154345548038,0.018867924528301883,0.9327643410056425,0.9826932521616912,5,dist_avg_inv,relative-distance-dominance,1.0,iscas85,c432
431,0.9811320754716981,0.9182389937106918,0.9811320754716981,True,0.4826845654451962,0.5173154345548038,0.018867924528301883,0.9485965135500123,0.9827503659679507,6,dist_avg_inv,relative-distance-dominance,1.0,iscas85,c432
432,0.9811320754716981,0.9119496855345912,0.9874213836477987,True,0.4826845654451962,0.5173154345548038,0.018867924528301883,0.9483787093417758,0.9827495802496725,7,dist_avg_inv,relative-distance-dominance,1.0,iscas85,c432
